{
    "Power (kW) Statistics": {
        "Mean": 1.01847275,
        "Mode": 0.3,
        "Median": 0.8586185
    }
}